Tiempo (s),Aceleracion (g)
0.0,-0.04407582868860488
0.001,0.11574537261653026
0.002,0.11247012383364483
0.003,0.003921952540969498
0.004,0.050279709911334236
0.005,0.03506519478998439
0.006,-0.14460848464584264
0.007,-0.13617883314997153
0.008,-0.050810027500383825
0.009000000000000001,0.06649464577602224
0.01,0.17624663814053135
0.011,-0.006126391490900961
0.012,-0.056907078787161725
0.013000000000000001,-0.0014967012247232465
0.014,-0.00957362653901549
0.015,-0.1640664442578287
0.016,-0.09491794768498237
0.017,0.016793791441908443
0.018000000000000002,0.1657723327381983
0.019,0.10870347546232684
0.02,-0.012182928379059483
0.021,-0.03267646239390226
0.022,0.1282256795503464
0.023,-0.15150978366270398
0.024,-0.1824497148418869
0.025,0.05066115238259245
0.026000000000000002,0.12993527329436474
0.027,0.13024880655266124
0.028,0.030928710093749645
0.029,-0.07258217068309801
0.03,0.0033233953265769216
0.031,-0.07026483197673371
0.032,-0.12388278897225732
0.033,-0.10410664567300625
0.034,0.18281679192021225
0.035,0.1348229598215684
0.036000000000000004,-0.05690478954676005
0.037,0.05325729571317803
0.038,0.12317397841799876
0.039,0.005664799941106365
0.04,0.0018956912396544678
0.041,-0.05109250792371872
0.042,0.00281417835175464
0.043000000000000003,0.1301447844472962
0.044,0.07665333648556871
0.045,-0.048833262031851996
0.046,0.051749266428876915
0.047,-0.025081453106129758
0.048,-0.12464616841236224
0.049,-0.16951700540224535
0.05,0.08276123432219462
0.051000000000000004,0.050782642144866164
0.052000000000000005,0.11527577215179755
0.053,-0.022120184273904595
0.054,-0.01951448807886962
0.055,0.03047089179984685
0.056,-0.1035094574943311
0.057,-0.14120441460657504
0.058,-0.08026058926959985
0.059000000000000004,0.14626564807090076
0.06,0.11682736597240154
0.061,0.04391054178210792
0.062,-3.8375428347319634e-05
0.063,-0.025080641100154247
0.064,-0.08724974846468435
0.065,-0.1891482122015104
0.066,-0.19690092243561985
0.067,0.1365457034892545
0.068,0.24526822336038834
0.069,0.08020407407364984
0.07,-0.07390399998709901
0.07100000000000001,0.007816434463405488
0.07200000000000001,0.047751032093086086
0.073,-0.09109048519147342
0.074,-0.11939356289629777
0.075,-0.10173353285390081
0.076,0.15339574341750212
0.077,0.14176730305238475
0.078,0.06380944893571798
0.079,-0.10770297214257096
0.08,0.10818904000322821
0.081,-0.018873776821884472
0.082,-0.13185448294361143
0.083,-0.020429361307556182
0.084,0.15051988843173167
0.085,0.11768262383519218
0.08600000000000001,-0.006758608870835514
0.08700000000000001,0.07354677334287829
0.088,0.019663948677151377
0.089,-0.057582988489495446
0.09,-0.15867524060637508
0.091,-0.1571707900585081
0.092,0.06194082118572612
0.093,0.17420875520457346
0.094,0.13076754608292065
0.095,0.03891930052037185
0.096,0.014579377682683949
0.097,0.04554599846116542
0.098,-0.10242762847639092
0.099,-0.23664422049286035
0.1,0.08233224813978286
0.101,0.16714656098748212
0.10200000000000001,0.12114301113181446
0.10300000000000001,0.07405639178685708
0.10400000000000001,-0.137572885654887
0.105,-0.0437116782588724
0.106,-0.04636894378395509
0.107,-0.16994281364389488
0.108,0.07343256508627503
0.109,0.10658741589175327
0.11,0.09370676082888951
0.111,0.0019531244995528371
0.112,0.00925246095366319
0.113,0.004690135904371824
0.114,0.010213528764300324
0.115,-0.22037848763146345
0.116,-0.19999010676266482
0.117,0.021959786104452886
0.11800000000000001,0.1405056168865256
0.11900000000000001,0.05300874790741167
0.12,-0.03442580029418797
0.121,0.027073894430715697
0.122,0.04782968145191529
0.123,-0.09652618663910095
0.124,-0.09314049216955042
0.125,0.05060775490802855
0.126,0.07819682421813957
0.127,0.05472951675060784
0.128,0.041399894334047505
0.129,-0.1081593551449238
0.13,-0.007687572963870685
0.131,0.0015545518080618825
0.132,-0.096813712518609
0.133,-0.13774012884619605
0.134,0.162075576240356
0.135,0.16997202752787013
0.136,0.020117542013512367
0.137,0.015618079257620592
0.138,-0.004302893267464684
0.139,-0.036778811309508934
0.14,-0.11786408059373527
0.14100000000000001,-0.07711820798440625
0.14200000000000002,0.06691585964027806
0.14300000000000002,0.08958936105475195
0.14400000000000002,0.049436854072291606
0.145,-0.03231735695655185
0.146,-0.13411225738604823
0.147,0.020136171030963095
0.148,-0.11568994765762584
0.149,-0.1385692873656204
0.15,-0.02485442789811548
0.151,0.13433911468547322
0.152,0.21339758553051477
0.153,-0.0001015674948458274
0.154,-0.06777806117349679
0.155,0.04822576314611508
0.156,-0.08065144873563071
0.157,-0.1472110816829572
0.158,-0.05902365270106026
0.159,0.06698360642029953
0.16,0.12191176164881828
0.161,0.024052815784689142
0.162,-0.08321127951002974
0.163,0.004680140226877735
0.164,-0.029134906543395865
0.165,-0.08545222163766705
0.166,-0.06462953541232229
0.167,0.09913364099293767
0.168,0.14040879901860695
0.169,0.033879330030200265
0.17,0.018914629233667483
0.171,0.01960041277458588
0.17200000000000001,0.019052812738480505
0.17300000000000001,-0.046538445599700606
0.17400000000000002,-0.07156827514115421
0.17500000000000002,-0.024265880686858757
0.176,0.21890897808690607
0.177,0.06931003815486961
0.178,0.007645411973821861
0.179,0.01233584018907013
0.18,0.03958619146925175
0.181,-0.03253872202059569
0.182,-0.1884493775008708
0.183,-0.07091178100698585
0.184,0.1810231967984002
0.185,0.09998375511148662
0.186,-0.03228501642083903
0.187,-0.0035236035203826815
0.188,-0.043192671278748054
0.189,-0.05208277623200791
0.19,-0.1299453453758607
0.191,-0.05352978807212015
0.192,0.08932017959397298
0.193,0.11321077762242265
0.194,0.0835912335494812
0.195,-0.10044979630086881
0.196,0.018552769971271796
0.197,0.0038735992412907675
0.198,-0.11925061218955292
0.199,-0.146592340966136
0.2,0.023718799181727646
0.201,0.13697232520705094
0.202,0.09353334278940983
0.203,-0.08190519779789314
0.20400000000000001,0.025057944854888256
0.20500000000000002,0.1036106745976128
0.20600000000000002,0.0008488014783002706
0.20700000000000002,-0.09170026103976456
0.20800000000000002,-0.027932775602244893
0.209,0.13633099170504226
0.21,0.21222470891510167
0.211,-0.04859426146407896
0.212,-0.014645433398140499
0.213,0.023000287910725885
0.214,-0.026067058880188825
0.215,-0.15788406983827294
0.216,-0.10399308155804217
0.217,0.233837532403887
0.218,0.14877767563776012
0.219,0.11740468258796789
0.22,0.03466465453530274
0.221,0.07780511077879938
0.222,-0.0037081352376841185
0.223,-0.19912715723182134
0.224,-0.1697459321378888
0.225,-0.03777460661688115
0.226,0.1654700287946395
0.227,0.013313565537489566
0.228,-0.07375012858638426
0.229,-0.044457068560169274
0.23,0.032158133466593915
0.231,-0.1362030466913305
0.232,-0.22330986566357286
0.233,-0.07890010890327726
0.234,0.1454650696689984
0.23500000000000001,0.14393551955185996
0.23600000000000002,0.11155173606088223
0.23700000000000002,0.014849396321009081
0.23800000000000002,-0.049460774757647395
0.23900000000000002,-0.0760113625277275
0.24,-0.14727777717385065
0.241,-0.049877021522918535
0.242,0.12220931913326671
0.243,0.1964154656449144
0.244,0.12170565689872372
0.245,-0.012792088414527612
0.246,-0.00029655781371812524
0.247,0.01897563048126234
0.248,-0.21105255846580517
0.249,-0.16613527913924517
0.25,-0.10186245450599812
0.251,0.14292111021297357
0.252,0.17048975259144894
0.253,-0.030541919036606413
0.254,-0.026100034201758604
0.255,-0.013111151248109392
0.256,-0.05737001365903543
0.257,-0.12118200972953709
0.258,0.008565363072819479
0.259,0.1776131184886454
0.26,0.08787402438851057
0.261,0.04601879742247082
0.262,0.03209608051663588
0.263,0.04334496726011715
0.264,-0.01880551762123319
0.265,-0.11364416055344832
0.266,-0.10699193600594176
0.267,0.12436273619091076
0.268,0.0887671154650131
0.269,0.09044434047271313
0.27,-0.05139695557578782
0.271,-0.021391978328316887
0.272,-0.021778866514363344
0.273,-0.1918259193404679
0.274,-0.18562949886727068
0.275,-0.02962349908921841
0.276,0.14722561558679842
0.277,0.13056039393306396
0.278,0.015585242601977654
0.279,0.031868437294340954
0.28,-0.016452285197022208
0.281,-0.037215237626020116
0.28200000000000003,-0.19088321459232765
0.28300000000000003,-0.04744391189974893
0.28400000000000003,0.1148718235291972
0.28500000000000003,0.1840605818728697
0.28600000000000003,-0.05375614555707867
0.28700000000000003,-0.010279775996926987
0.28800000000000003,0.008138737562773926
0.289,-0.0828422739127169
0.29,-0.16140895153802953
0.291,-0.14616182798290178
0.292,0.055003685266124466
0.293,0.2549802058640747
0.294,0.12260208066550829
0.295,0.000727461977577084
0.296,0.06327741545819611
0.297,-0.11249179550619094
0.298,-0.14848575827746008
0.299,-0.20890085234994255
0.3,0.09422423169272467
0.301,0.12315445006891579
0.302,0.0878290479583522
0.303,-0.0005444389512658748
0.304,-0.017411341775385294
0.305,-0.011173761228730473
0.306,-0.018105857245129267
0.307,-0.18214596360625127
0.308,-0.07374069574041765
0.309,0.07669198274665973
0.31,0.07325921545331228
0.311,-0.07258812960340974
0.312,0.050006411535978255
0.313,0.09870630548110118
0.314,-0.0243242575607256
0.315,-0.10610791666561287
0.316,-0.11838136866601634
0.317,0.11854512574551153
0.318,0.1367834903903874
0.319,0.1315585467200893
0.32,-0.0838061981908414
0.321,0.060020152646735686
0.322,0.006627753126304961
0.323,-0.16064841550715528
0.324,-0.16929108745293672
0.325,0.08830032843128804
0.326,0.18145322951376747
0.327,0.1398973331579631
0.328,-0.010355669314388386
0.329,0.002716166050222653
0.33,-0.017620514996466448
0.331,-0.11932885034281668
0.332,-0.17240473132135903
0.333,-0.03947006283433312
0.334,0.06486166058737669
0.335,0.189430484063897
0.336,-0.01492906260413103
0.337,0.024194329527726904
0.338,0.07474775864404615
0.339,-0.010428230240322026
0.34,-0.22711070167710334
0.341,-0.07611553073117476
0.342,0.16563563133976741
0.343,0.22612657239185519
0.34400000000000003,0.07327039083553842
0.34500000000000003,-0.014036479982859758
0.34600000000000003,0.02725497331515122
0.34700000000000003,-0.057502034161136195
0.34800000000000003,-0.17028636628337707
0.34900000000000003,-0.16251696771804572
0.35000000000000003,-0.023766767469351503
0.35100000000000003,0.18046969237469554
0.352,0.15012746993344736
0.353,-0.04056851382150151
0.354,-0.006911980998711467
0.355,0.013248592740791435
0.356,0.007223169479623745
0.357,-0.13650806074726388
0.358,0.03259671789406923
0.359,0.18950210072618384
0.36,0.20264538076595
0.361,0.0006648796818637566
0.362,-0.00032200848523742526
0.363,-0.003831405984433413
0.364,0.07658487417193094
0.365,-0.18543863869153715
0.366,-0.07402514026053525
0.367,0.10880982435216233
0.368,0.14437175554323428
0.369,0.13103429846161727
0.37,-0.03498287316518418
0.371,0.014690461271518332
0.372,0.05230344813605053
0.373,-0.15656912914971033
0.374,-0.14721197876524103
0.375,0.02248720266891891
0.376,0.09096591899488349
0.377,0.14918099902350562
0.378,-0.12399673112224045
0.379,0.00966020617122638
0.38,-0.011415931806537456
0.381,-0.04390480693418222
0.382,-0.19362930061807465
0.383,-0.12211363786108306
0.384,0.05072904268794727
0.385,0.21512464858720182
0.386,0.05390984824844419
0.387,0.02037806791828404
0.388,-0.03268494725986729
0.389,-0.07445851569496534
0.39,-0.1360284552176788
0.391,-0.1634607399825888
0.392,0.03494959738203652
0.393,0.1160134502954065
0.394,0.13089955540416098
0.395,-0.020536522099644742
0.396,-0.025664090627119572
0.397,0.03089686733482254
0.398,-0.10786238639270636
0.399,-0.11424445906215724
0.4,-0.021142547034679476
0.401,0.12241990396936805
0.402,0.11251478627703643
0.403,-0.010549105593092077
0.404,-0.16499880044091916
0.405,0.08081044556894607
0.406,-0.16107230278314505
0.40700000000000003,-0.1066426522986827
0.40800000000000003,-0.013073263775481243
0.40900000000000003,0.15563452831954794
0.41000000000000003,0.19857956379144895
0.41100000000000003,0.0362643147054456
0.41200000000000003,0.03588145202665873
0.41300000000000003,-0.035995843340391784
0.41400000000000003,-0.11585478857140352
0.41500000000000004,-0.1942191738585257
0.41600000000000004,-0.08306085457674756
0.417,0.07630074376852838
0.418,0.09402324528300711
0.419,0.06367048371194739
0.42,0.01731724557971428
0.421,0.05237251247968407
0.422,-0.006749813066420583
0.423,-0.07112048743752133
0.424,-0.17463531979482677
0.425,-0.06343304744234915
0.426,0.10470299818554256
0.427,0.0715731281292042
0.428,-0.007701170343773099
0.429,-0.009947807872788728
0.43,0.023313288296007505
0.431,-0.11167957835932199
0.432,-0.17301026250495882
0.433,-0.09127359775272526
0.434,0.10590030010902765
0.435,0.13960398036785876
0.436,0.031408471038608374
0.437,-0.0029152698134464524
0.438,0.004920871800128282
0.439,-0.11043776702760497
0.44,-0.19149179620362888
0.441,-0.15643683518158247
0.442,0.10714407290064776
0.443,0.14595560014756728
0.444,-0.02158653288261818
0.445,-0.09490370112019422
0.446,-0.0008536103201616067
0.447,-0.02162676194759923
0.448,-0.13962379148266946
0.449,-0.15469813386961287
0.45,0.005941687389608075
0.451,0.13176784460044644
0.452,0.0927556768808007
0.453,0.03957487257669844
0.454,-0.0501232516251569
0.455,0.014779188461514133
0.456,-0.04307253397060432
0.457,-0.1328926583357799
0.458,-0.08905871122144425
0.459,0.07231572758978994
0.46,0.11045058054013605
0.461,0.0512788578407379
0.462,0.04069130402504815
0.463,-0.02007003322852873
0.464,-0.11000805889656796
0.465,-0.09325418096276744
0.466,-0.03939907721525149
0.467,0.05171194220390184
0.468,0.27851959344881455
0.46900000000000003,0.0034988835396475293
0.47000000000000003,-0.051267946390865564
0.47100000000000003,0.051377029514553314
0.47200000000000003,-0.00907787476053169
0.47300000000000003,-0.06324636603622857
0.47400000000000003,-0.15088463426267434
0.47500000000000003,0.036071340738525005
0.47600000000000003,0.09352555981927904
0.47700000000000004,0.20411017077401
0.47800000000000004,0.012992123941595836
0.47900000000000004,0.0016537096101781595
0.48,-0.05443277407169389
0.481,-0.08121442419102307
0.482,-0.137494512095367
0.483,-0.054107462296647445
0.484,0.08873637945723724
0.485,0.14062786794694704
0.486,-0.05289697794293748
0.487,0.007402078316586635
0.488,0.0064864903053728305
0.489,-0.09029881603611713
0.49,-0.2350598474339221
0.491,-0.11408637314963412
0.492,0.05097652835233312
0.493,0.23028479960847645
0.494,-0.0010652367818787534
0.495,-0.05423844470744881
0.496,0.10284742979104279
0.497,0.05676606110695261
0.498,-0.03201309276304269
0.499,-0.11990336004826208
0.5,0.012322415425615336
0.501,0.19605981416926507
0.502,0.16154213176760346
0.503,0.002525515964349705
0.504,-0.034978610611147716
0.505,-0.005323027283250844
0.506,-0.09776470562516897
0.507,-0.23017352879292974
0.508,-0.10909486560363144
0.509,0.08557968995709683
0.51,0.13801663773227132
0.511,-0.030586872713516358
0.512,-0.073779708433792
0.513,-0.02202404137747358
0.514,-0.12288325180212385
0.515,-0.1618317267602287
0.516,-0.015012352752856506
0.517,0.029948251332181
0.518,0.025547016531200006
0.519,0.0368032517029765
0.52,-0.07451073475928943
0.521,0.028414379477623288
0.522,0.02293374137977311
0.523,-0.056778786513154156
0.524,-0.08534409680213248
0.525,0.04365140529729213
0.526,0.14654860307984566
0.527,0.12962928377518187
0.528,0.05442191412983298
0.529,0.014083271478963539
0.53,0.08922559546935149
0.531,-0.06799804011363646
0.532,-0.2524506044459023
0.533,-0.008926567686817127
0.534,0.07985118458247181
0.535,0.16688216555332863
0.536,0.0019905611907128293
0.537,-0.05681001753627013
0.538,0.0490688705310092
0.539,-0.02220951114745266
0.54,-0.08959983585875042
0.541,-0.1556615088469684
0.542,-0.017222959309203006
0.543,0.1806983218582613
0.544,0.08415375840693531
0.545,0.11446718166453446
0.546,0.032059136139477376
0.547,-0.059942225372113675
0.548,0.0070987121457992824
0.549,-0.13742758836253632
0.55,0.024346519182645614
0.551,0.13845652164010866
0.552,0.07779075016038416
0.553,-0.0405140395273126
0.554,0.03926850563439816
0.555,0.10179632559037063
0.556,-0.02206460705522282
0.557,-0.09961039240911426
0.558,-0.0003520310855402442
0.559,0.11350016961126765
0.56,0.1830573271131879
0.561,-0.014852084525307348
0.562,0.019673732871223773
0.5630000000000001,-0.028210924581988213
0.5640000000000001,0.03535473397990772
0.5650000000000001,-0.17867732831055239
0.5660000000000001,-0.05439258699210342
0.5670000000000001,-0.07168838490331356
0.5680000000000001,0.21542741656738434
0.5690000000000001,0.06908744245689263
0.5700000000000001,-0.0072615004032357214
0.5710000000000001,0.08429158396876191
0.5720000000000001,0.05413953926754722
0.5730000000000001,-0.13563951263708202
0.5740000000000001,-0.17249024448944855
0.5750000000000001,0.09764348382352427
0.5760000000000001,0.15148809940084845
0.577,0.08367356956681188
0.578,-0.014042879494034839
0.579,-0.00806401957143507
0.58,-0.07362160812863194
0.581,-0.08789763784159071
0.582,-0.10508939680416034
0.583,-0.14265631197872103
0.584,0.06154804231176096
0.585,0.15015808658481797
0.586,0.033447735236563844
0.587,-0.009234153596545383
0.588,-0.027197370644771013
0.589,-0.045050449401197054
0.59,-0.2062947378456788
0.591,-0.06640389857911716
0.592,0.10276736723773439
0.593,0.1043817383842856
0.594,0.05223957046115697
0.595,0.05139295065777749
0.596,0.003604060910689632
0.597,0.016720548504186354
0.598,-0.07123167862785681
0.599,-0.15480235412470472
0.6,0.11424493651554242
0.601,0.11327376362932287
0.602,0.18019165692153555
0.603,-0.03400453325856979
0.604,-0.04451458864626494
0.605,-0.12599466837790407
0.606,-0.07084783866049897
0.607,-0.20191204393940346
0.608,-0.0255599223121816
0.609,0.1133223450246888
0.61,0.1146320698949709
0.611,-0.04199694790440882
0.612,0.038432569403118545
0.613,-0.016760343578671393
0.614,0.0553377392979865
0.615,-0.1350780110324132
0.616,-0.13916232685682361
0.617,-0.008710885076063754
0.618,0.08867786452077349
0.619,0.03910404323522955
0.62,0.02989405401994842
0.621,0.0803596623951945
0.622,-0.03123944103655458
0.623,-0.0671538937476933
0.624,-0.1788277886013564
0.625,0.025484943933323435
0.626,0.25556432497716536
0.627,0.11143190378295695
0.628,0.021574717949419217
0.629,-0.12038730697593718
0.63,0.060185037720198786
0.631,-0.03288064086817108
0.632,-0.13763811927370023
0.633,-0.1771983917869034
0.634,0.10690702077444295
0.635,0.13532278755522617
0.636,0.02175100507843427
0.637,-0.04903361191232818
0.638,-0.021964630621637928
0.639,-0.07228622892133954
0.64,-0.09286888065161529
0.641,-0.16250576427638092
0.642,0.003463613632444233
0.643,0.15659646872082536
0.644,0.009465063633378984
0.645,-0.028102899292607793
0.646,-0.010363743181714654
0.647,0.014813053373262811
0.648,-0.1170950521138801
0.649,-0.12210635267228052
0.65,-0.015109517571388039
0.651,0.15838959732352892
0.652,0.14835534270582865
0.653,-0.0011544724834063852
0.654,0.07366137419158751
0.655,0.07874494424695222
0.656,-0.05730734824762701
0.657,-0.16219911972238482
0.658,-0.06259702639001356
0.659,0.05457574672239534
0.66,0.13103982857679236
0.661,0.04825012112823697
0.662,-0.04283497580606126
0.663,0.05138439708769512
0.664,0.08508244760822131
0.665,-0.12231697690874999
0.666,-0.08497807813445213
0.667,0.017905008288737145
0.668,0.1622818112444043
0.669,0.018665658402753
0.67,-0.024666768377992015
0.671,-0.017204531367125395
0.672,-0.06841339246838354
0.673,-0.06268426994476572
0.674,-0.13189532055481734
0.675,0.07092265339886605
0.676,0.043528625218679326
0.677,0.10248728589695921
0.678,0.023092465685935863
0.679,-0.01776171133345155
0.68,0.04512880645646963
0.681,0.05200348509680165
0.682,-0.21478388900726214
0.683,0.01675416445133085
0.684,0.1659942542326811
0.685,0.09848747324933699
0.686,0.11158054945562863
0.687,-0.08126722129719095
0.6880000000000001,0.08460117796521041
0.6890000000000001,-0.08329496745896471
0.6900000000000001,-0.17618301647523338
0.6910000000000001,-0.015864844126972533
0.6920000000000001,0.0846044426683091
0.6930000000000001,0.11719428111693206
0.6940000000000001,0.1124386316204584
0.6950000000000001,-0.1007872699654951
0.6960000000000001,0.01960320678719559
0.6970000000000001,0.05962422217649351
0.6980000000000001,-0.11062078290663277
0.6990000000000001,-0.23368371458254278
0.7000000000000001,0.006786448330277788
0.7010000000000001,0.17507117092951127
0.7020000000000001,0.14600182419713703
0.7030000000000001,-0.04071895693260249
0.704,-0.0052221055715121565
0.705,0.009138734799349572
0.706,-0.016200422949017107
0.707,-0.16063360180571834
0.708,-0.14651760369334604
0.709,0.23511050893182445
0.71,0.09599184914075018
0.711,-0.0267091179377294
0.712,0.00376012306692047
0.713,0.04360516550742741
0.714,-0.07067806448035774
0.715,-0.19154438864332904
0.716,-0.12439771823163816
0.717,-0.01240562328201271
0.718,0.13116004049088986
0.719,0.0712327226965535
0.72,0.007818772487820601
0.721,0.036477900259721655
0.722,-0.12900959066016335
0.723,-0.10312325219499877
0.724,-0.1905128879930229
0.725,-0.021378900835763184
0.726,0.03171993186768203
0.727,0.1175377863296409
0.728,0.014659375955478213
0.729,0.052026451590323555
0.73,-0.01688745495165185
0.731,-0.0884199013795222
0.732,-0.2505410109565583
0.733,-0.1427056112548862
0.734,0.03830259710374749
0.735,0.15421721211941858
0.736,0.1199168932611781
0.737,-0.09973288462027066
0.738,0.009079586033395693
0.739,-0.21514592076657327
0.74,-0.06721889347502182
0.741,-0.12198556895323495
0.742,0.08575098757620098
0.743,0.2215927626638664
0.744,0.058250447669015194
0.745,0.029073978980184108
0.746,-0.0026582858008297287
0.747,-0.05793245710709392
0.748,-0.06420853221081832
0.749,-0.14375836651743665
0.75,-0.01952029835192259
0.751,0.08546454271623934
0.752,0.05353725026404522
0.753,-0.013504790554638846
0.754,0.049127111005356716
0.755,0.04060212322737611
0.756,-0.01170662998216835
0.757,-0.18950704448378802
0.758,-0.004707572880628619
0.759,0.07891789196944962
0.76,0.07975085824691691
0.761,0.014560311736944406
0.762,-0.06405062476892426
0.763,0.04560683139293058
0.764,0.0037592381476376363
0.765,-0.21282805472990957
0.766,-0.054668917816484995
0.767,0.03791399042109425
0.768,0.09395188703448
0.769,-0.00424180556186024
0.77,-0.114518776916546
0.771,-0.04102811337613954
0.772,-0.09397486455663684
0.773,-0.0792094676313717
0.774,-0.14558150762183522
0.775,-0.049177770048598364
0.776,0.1404913563401919
0.777,0.08859599319811248
0.778,0.011136373756044702
0.779,-0.05842713226495129
0.78,0.0057186706907884095
0.781,-8.659437909297463e-05
0.782,-0.11078338444275507
0.783,-0.05465441423210672
0.784,0.14251142348059775
0.785,0.16694088972257626
0.786,0.1275557807979611
0.787,-0.055380835594419496
0.788,0.017468358750625742
0.789,0.03900466655678709
0.79,-0.1919678779511967
0.791,-0.10414194452322759
0.792,-0.038612992046266836
0.793,0.20201783694038228
0.794,0.13856512442925983
0.795,-0.025081923042730058
0.796,0.00884160092218563
0.797,-0.025337274093852637
0.798,-0.0975187724450512
0.799,-0.11167911528731833
0.8,0.054037901380968874
0.801,0.22109589753419426
0.802,0.04720480019811775
0.803,-0.00561012241013152
0.804,-0.05139903670851075
0.805,0.03461251928776429
0.806,-0.06123619658254112
0.807,-0.13360571956170922
0.808,-0.07573595683925795
0.809,0.005246692386850424
0.81,0.12039513993029842
0.811,-0.018115879748622166
0.812,-0.007509293044309745
0.8130000000000001,-0.065157774153114
0.8140000000000001,0.031226976565757097
0.8150000000000001,-0.07119952666428706
0.8160000000000001,-0.06326517354462984
0.8170000000000001,0.06712022487206537
0.8180000000000001,0.0520378324899759
0.8190000000000001,0.12149590276769306
0.8200000000000001,0.055996986343592514
0.8210000000000001,0.04480950128448023
0.8220000000000001,-0.0010323530367426126
0.8230000000000001,-0.13165251065612316
0.8240000000000001,-0.18978628830071068
0.8250000000000001,-0.010692488423321114
0.8260000000000001,0.1504701001354634
0.8270000000000001,0.1142803573678351
0.8280000000000001,-0.03423789833885063
0.8290000000000001,0.02381165901619768
0.8300000000000001,0.03719797413696824
0.8310000000000001,-0.14749865178963006
0.8320000000000001,-0.1415517376394648
0.833,-0.14536568557949597
0.834,0.09221513101290114
0.835,0.12780252315186258
0.836,0.06294496707304549
0.837,-0.027993554923153686
0.838,-0.003020282873283993
0.839,-0.0025186455843935127
0.84,-0.15345259866002006
0.841,-0.09950893617582668
0.842,0.0705623695366287
0.843,0.2359515245649539
0.844,0.08893327953435319
0.845,-0.12303737003157689
0.846,0.08037804917257178
0.847,0.04611653618165033
0.848,-0.09032555358102924
0.849,-0.13756153732138113
0.85,0.05638598437942827
0.851,0.03052984067566225
0.852,0.09703331281288533
0.853,0.02692987430819975
0.854,-0.023011230291472447
0.855,0.0579157276053036
0.856,-0.022573081047797962
0.857,-0.14527851178046602
0.858,-0.13705165437459527
0.859,0.027977493397876876
0.86,0.138777057464136
0.861,0.06482555539493756
0.862,-0.029270950087026765
0.863,-0.0796135935455832
0.864,0.04646223023707829
0.865,-0.1652991361572616
0.866,-0.17968194367368573
0.867,0.09777508147801303
0.868,0.15510333173491836
0.869,0.08630604043472903
0.87,-0.03903936025489604
0.871,-0.06912634791929519
0.872,0.03579865729900826
0.873,-0.16388361948516503
0.874,-0.19520833853374314
0.875,-0.004831443930427701
0.876,0.16938237641248183
0.877,0.15454688107230358
0.878,0.04191116489665461
0.879,0.06688455885695697
0.88,0.028138365453479516
0.881,-0.08110204072781597
0.882,-0.0985704278280633
0.883,-0.07848747203733404
0.884,0.15197749750520917
0.885,0.11419155829898632
0.886,0.07038265872239549
0.887,-0.01770610190414451
0.888,-0.019456660332724925
0.889,-0.04012402799291045
0.89,-0.11841986739111476
0.891,-0.09975178070818407
0.892,0.04380785830901074
0.893,0.2261835547030912
0.894,0.0923333653993792
0.895,0.021193174616947065
0.896,0.004643556691586774
0.897,-0.06408405096581972
0.898,-0.10832309017473889
0.899,-0.158062355573661
0.9,0.03692278737917011
0.901,0.22281468399199522
0.902,0.011610289432376353
0.903,0.054836046083586706
0.904,0.12118714621809282
0.905,-0.015875564969745945
0.906,-0.02259255314725185
0.907,-0.16127243569679342
0.908,-0.044985810432630134
0.909,0.05285499543885484
0.91,0.13358992313467608
0.911,0.1459264676234267
0.912,-0.01027231388089484
0.913,-0.003218677909307896
0.914,0.009976990725676198
0.915,-0.11353519222619367
0.916,-0.08425565673333307
0.917,0.12027353528926697
0.918,0.12824147383200957
0.919,0.14865143566968916
0.92,-0.0872861036995721
0.921,-0.045788952970210184
0.922,0.01005850857686645
0.923,-0.10234472755634584
0.924,-0.08828657908856584
0.925,0.017718745244072288
0.926,0.14835182372600642
0.927,0.07669481728540699
0.928,-0.013886198212386514
0.929,-0.06372727871867152
0.93,0.03641829834776099
0.931,-0.06806513267583711
0.932,-0.14532458855189315
0.933,-0.07722245976839164
0.934,0.13106733412193275
0.935,0.03403248288482211
0.936,0.01917868984235367
0.937,-0.012893445712991624
0.9380000000000001,0.02798492978335642
0.9390000000000001,-0.11501920069807688
0.9400000000000001,-0.13723520894522337
0.9410000000000001,-0.20599086113238124
0.9420000000000001,-0.009979984882630494
0.9430000000000001,0.2515209094340611
0.9440000000000001,-0.012730089999407723
0.9450000000000001,-0.07789648292114884
0.9460000000000001,-0.05247080459136451
0.9470000000000001,0.03331471485366856
0.9480000000000001,-0.16157391415441377
0.9490000000000001,-0.19342283504989305
0.9500000000000001,-0.061496764729583694
0.9510000000000001,0.07586263009994244
0.9520000000000001,0.21866550374517782
0.9530000000000001,0.05297840118824033
0.9540000000000001,0.029070950125601153
0.9550000000000001,-0.008510590401763416
0.9560000000000001,-0.0831176340220213
0.9570000000000001,-0.13051269775790034
0.9580000000000001,-0.0275136463071039
0.9590000000000001,0.07836832185110312
0.96,0.11581151244139587
0.961,-0.003250670172304064
0.962,-0.05150650475008781
0.963,0.006488226609393383
0.964,-0.14537134690141865
0.965,-0.13415480957905
0.966,-0.10010279233951941
0.967,0.18325017484258144
0.968,0.1531470916756946
0.969,0.029102364681961805
0.97,0.043402371979778975
0.971,0.014519041113355415
0.972,-0.009458376887552704
0.973,-0.1456041145566323
0.974,-0.23222533971288023
0.975,-0.0614042033700621
0.976,0.1679713191310968
0.977,0.13820574293952118
0.978,-0.03947965976653256
0.979,0.017624613813372582
0.98,0.08575705411842555
0.981,-0.0968534911002596
0.982,-0.22669356852166445
0.983,-0.12677228595686568
0.984,0.021821943936600308
0.985,0.0857128571494006
0.986,-0.05791227977038768
0.987,-0.043498742978845775
0.988,0.10365690624568821
0.989,0.002225766020569255
0.99,-0.11406157631109216
0.991,-0.17316865235100629
0.992,0.11590153630964858
0.993,0.2540682636465783
0.994,-0.009408819525795142
0.995,-0.004906474077633739
0.996,0.0321391513216162
0.997,0.021241556331162034
0.998,-0.06191171963876083
0.999,-0.23105728159546485
1.0,-0.03818515666259392
1.0010000000000001,0.18669188012876894
1.002,0.09115839935146738
1.0030000000000001,-0.09224214493700078
1.004,-0.006115905763846807
1.0050000000000001,0.05334450668028709
1.006,0.004972254087625333
1.0070000000000001,-0.1728472734959528
1.008,-0.04036956618402946
1.0090000000000001,-0.012673196128683173
1.01,0.11291246978853757
1.0110000000000001,0.0012588988128700435
1.012,-0.05089043344284513
1.0130000000000001,-0.05367719722186134
1.014,-0.003193627448857303
1.0150000000000001,-0.20286118046550805
1.016,-0.08055748641767302
1.0170000000000001,0.06543010348580362
1.018,0.1256539270410193
1.0190000000000001,0.1267764551763932
1.02,-0.042099931363254774
1.0210000000000001,0.02631055280577692
1.022,0.10171517912644032
1.0230000000000001,-0.06739924521079922
1.024,-0.14959711732019906
1.025,-0.028327644531913353
1.026,0.16534213884080992
1.027,0.11711538649997864
1.028,-0.11388862068057766
1.029,0.01340491828649687
1.03,-0.026307385598013544
1.031,-0.14831924754214598
1.032,-0.27422198099475487
1.033,-0.03990836756166229
1.034,0.18477674580246978
1.035,0.17380130093055024
1.036,0.061175931813143694
1.037,0.020497080330618367
1.038,0.02717480463969594
1.039,-0.015379913583598477
1.04,-0.20175289141935324
1.041,-0.05516744267208575
1.042,0.10704626393862632
1.043,0.2572129162976539
1.044,0.03463497737344924
1.045,-0.08128520766488634
1.046,0.03854136191127183
1.047,0.004438032321343944
1.048,-0.1968305441069258
1.049,-0.1029020017453899
1.05,-0.004392371166790703
1.051,0.12220797154593688
1.052,0.16498396789070818
1.053,-0.02710910400760905
1.054,-0.08468852348349275
1.055,-0.04947040287546914
1.056,-0.09260264799159418
1.057,-0.22652977159056648
1.058,-0.0186522964213197
1.059,0.02488357488550727
1.06,0.09807466099508524
1.061,0.058367734035515415
1.062,-0.07105915597713008
1.063,-0.07179019118418886
1.064,-0.053987910373747144
1.065,-0.0796577931230138
1.066,-0.11729881766729586
1.067,0.04876777326813032
1.068,0.24999738961953136
1.069,0.06241219711846434
1.07,-0.06151241453094592
1.071,-0.041499720606855736
1.072,0.02893529435702589
1.073,-0.16996928161045324
1.074,-0.16029590673278177
1.075,-0.020032654721334513
1.076,0.16350265126165986
1.077,0.11095895074491242
1.078,0.013953616059248934
1.079,0.03462608672238421
1.08,0.056499935371514515
1.081,-0.12512020478159036
1.082,-0.1383242224210499
1.083,-0.04852170494201334
1.084,0.03984665465870227
1.085,0.13157178338202902
1.086,0.14954774167931686
1.087,0.047886965337087056
1.088,-0.03593956738077755
1.089,-0.0474955707047465
1.09,-0.1763104672383632
1.091,-0.1749883570611412
1.092,-0.03614138183725042
1.093,0.11543536661559356
1.094,0.06063223276179164
1.095,-0.060529218039777184
1.096,0.07561112422110372
1.097,-0.07845804131422582
1.098,-0.07148508490165695
1.099,-0.1765742233780803
1.1,-0.007827485205858154
1.101,-0.010887218475102323
1.102,0.1637278278199994
1.103,-0.07764219993956947
1.104,-0.011205268021394283
1.105,-0.024565714070915047
1.106,-0.014503282486588762
1.107,-0.20787251856927047
1.108,-0.07897743728136344
1.109,0.113809460103693
1.11,0.22902486298904545
1.111,-0.025579464345418676
1.112,-0.07482615049707586
1.113,0.06957250825438244
1.114,-0.03954095646333777
1.115,-0.11284901737561627
1.116,-0.07269486181699211
1.117,0.03964008248026238
1.118,0.23642145625052943
1.119,0.09806971477310594
1.12,-0.037929391362824236
1.121,-0.06475165429796072
1.122,-0.028331099309518736
1.123,-0.14071624067260713
1.124,-0.14282951078947134
1.125,0.023895505808248358
1.1260000000000001,0.14158935301729098
1.127,0.14650405396718275
1.1280000000000001,0.05256618159538008
1.129,-0.0032682359363233205
1.1300000000000001,-0.11498795451487756
1.131,-0.07344332121198563
1.1320000000000001,-0.1691232225180552
1.133,-0.0793792623986443
1.1340000000000001,0.09496687385480478
1.135,0.166811783816029
1.1360000000000001,-0.041131668390609534
1.137,-0.06930669133698852
1.1380000000000001,-0.00019180408086234835
1.139,0.050407041829251764
1.1400000000000001,-0.10010546523132821
1.141,-0.14657645599781682
1.1420000000000001,0.0740369440964687
1.143,0.14926705945801713
1.1440000000000001,0.08060671808238845
1.145,-0.01180563805742418
1.1460000000000001,0.01332021634699107
1.147,-0.017386685592192322
1.1480000000000001,-0.11375178906023811
1.149,-0.14177690387607775
1.1500000000000001,0.04883790989840039
1.151,0.12310070398723631
1.1520000000000001,0.05444850895167655
1.153,-0.044940684434861065
1.154,-0.06293656258382822
1.155,-0.02239399836055648
1.156,-0.02562073150202808
1.157,-0.21452692894820366
1.158,0.03130031423030531
1.159,0.15931936906517288
1.16,0.12386663603006659
1.161,0.09183523845985131
1.162,-0.013968555478901724
1.163,0.05938347261145714
1.164,-0.01898810991331791
1.165,-0.14346899561886076
1.166,-0.0332369706505698
1.167,0.048428943717661356
1.168,0.20057436033736806
1.169,0.15950243580117973
1.17,-0.031219499042547914
1.171,-0.020082503569630435
1.172,0.010502924271620672
1.173,-0.06110232854651729
1.174,-0.2535893388054322
1.175,0.00032383316125692734
1.176,0.124699815809638
1.177,0.19563484891969335
1.178,-0.014055449093685288
1.179,0.043924325235586655
1.18,0.021339877563665087
1.181,0.00045038749715518855
1.182,-0.16330935596114154
1.183,-0.06940356658292442
1.184,0.17668277316100772
1.185,0.09515204370188485
1.186,0.02517507910594303
1.187,-0.10868400228805766
1.188,0.10495203317426316
1.189,-0.027048445391768126
1.19,-0.19492360685333723
1.191,-0.09455338958864466
1.192,0.09392958388171993
1.193,0.15890754322450637
1.194,0.01590707462578239
1.195,-0.12533995126448821
1.196,0.041655141799806755
1.197,0.00955252974515077
1.198,-0.1550952557468367
1.199,-0.05764076649118938
1.2,-0.015532495826127974
1.201,0.16737643741033936
1.202,0.12509592571287217
1.203,0.011434861291253979
1.204,-0.05754452297047408
1.205,-0.010523166742300732
1.206,-0.17859951652298822
1.207,-0.2054765204714945
1.208,-0.143061318306261
1.209,0.11811266620231137
1.21,0.08371680281260221
1.211,0.07939075445931645
1.212,-0.02855323400718283
1.213,0.07264091120528779
1.214,0.021545428767577278
1.215,-0.13896111993463442
1.216,-0.06555543161930996
1.217,0.05288215716890136
1.218,0.2434527941762143
1.219,0.043970325386621864
1.22,-0.02346299824418276
1.221,0.03381464950797847
1.222,0.03518411400513088
1.223,-0.1496004566872549
1.224,-0.17926124739601912
1.225,0.007902203708247409
1.226,0.17885136437063334
1.227,0.15961276878074254
1.228,0.05543178157585606
1.229,0.007229485163642947
1.23,-0.05597436110983123
1.231,0.0033790245386074447
1.232,-0.16601554987968023
1.233,-0.07929590820790053
1.234,0.09996285693543408
1.235,0.18655467870076808
1.236,0.07900892621113578
1.237,-0.0036295015402400214
1.238,0.002280309637015431
1.239,0.004581742331130664
1.24,-0.029614042313355335
1.241,-0.18041675783351968
1.242,0.13307704772630322
1.243,0.1791066530650968
1.244,0.10628366744688174
1.245,-0.03614579822882041
1.246,-0.035845295646335776
1.247,0.01949263235986413
1.248,-0.1290177181489714
1.249,-0.14306800640441966
1.25,-0.12168793559083664
1.2510000000000001,0.041624744352907916
1.252,0.08306631250364062
1.2530000000000001,-0.0035346923064058537
1.254,-0.038579931069579965
1.2550000000000001,0.08697982266468687
1.256,-0.10229822911245899
1.2570000000000001,-0.13800632536040727
1.258,-0.013640901181503129
1.2590000000000001,0.1253843008228918
1.26,0.1670248420697721
1.2610000000000001,-0.0016272947425078343
1.262,0.034466220581524966
1.2630000000000001,-0.046329447346477225
1.264,-0.06600419153296426
1.2650000000000001,-0.15211626103876505
1.266,-0.06379019472418268
1.2670000000000001,0.04204119087905652
1.268,0.1344829715777947
1.2690000000000001,0.06962310238526764
1.27,-0.016816036018785112
1.2710000000000001,0.021797119693544934
1.272,-0.04597381090780117
1.2730000000000001,-0.11659740975417658
1.274,-0.14127527344202745
1.2750000000000001,-0.06547770671916261
1.276,0.22487635386883026
1.2770000000000001,0.14765530412745362
1.278,0.0034937027844638823
1.2790000000000001,0.03684293434501355
1.28,0.11324313823695298
1.281,-0.016654756152381107
1.282,-0.18681434697205962
1.283,0.030943653326824166
1.284,0.11793181143850966
1.285,0.03586618267901992
1.286,-0.007106106768710513
1.287,-0.047881242715682726
1.288,0.05509465871291839
1.289,-0.027110234048814526
1.29,-0.15644883376687208
1.291,-0.1657824716298504
1.292,-0.02698284416430448
1.293,0.20557084081531124
1.294,-0.038146633152418744
1.295,-0.006498841979762438
1.296,-0.027341109384303487
1.297,-0.0056859657648396225
1.298,-0.18388342755237283
1.299,-0.14109117171662128
1.3,0.06648112039123319
1.301,0.18953367094485263
1.302,0.09665134336561919
1.303,0.04268555256308246
1.304,-0.016283658487604227
1.305,0.0819745809108982
1.306,-0.06432218204095937
1.307,-0.09396894733904963
1.308,-0.10324871443557679
1.309,0.08716431384493072
1.31,0.14716689154730025
1.311,0.10896183808546954
1.312,-0.07949722456535913
1.313,0.0073030197992365875
1.314,-0.0038239759331943936
1.315,-0.1941448730760917
1.316,-0.17115993426796705
1.317,0.03302203123121766
1.318,0.18817432025576653
1.319,0.09257276654991939
1.32,-0.0943240256075796
1.321,-0.06596681669914368
1.322,-0.06801448378423088
1.323,-0.20928853680213919
1.324,-0.19942866865549977
1.325,0.06711801197246568
1.326,0.11092437644103581
1.327,0.18672587448262334
1.328,-0.005799305343219464
1.329,-0.02078126169343769
1.33,0.03265159802406076
1.331,-0.16037513886701507
1.332,-0.1419715514323176
1.333,-0.13361781355098895
1.334,0.12282659113514333
1.335,0.13231109448134926
1.336,-0.05785755164168692
1.337,-0.06074329584689723
1.338,0.06589670325149517
1.339,-0.0193123756019389
1.34,-0.20175074633719958
1.341,-0.11048751651670806
1.342,0.042009313001872814
1.343,0.1441859560833629
1.344,0.03236739303026328
1.345,0.023372095928778522
1.346,0.019217190128564952
1.347,-0.008130977685709332
1.348,-0.11225233405977633
1.349,-0.17020760585611766
1.35,-0.00729256536569982
1.351,0.06124592459561312
1.352,0.03952104864954557
1.353,0.032194991088774154
1.354,0.04863178377343213
1.355,-0.020340937457006672
1.356,-0.035212114157429135
1.357,-0.16030341028322959
1.358,-0.08175121853346953
1.359,0.06244695933947969
1.36,0.1253069583185762
1.361,0.004035118264688012
1.362,-0.034694815118699124
1.363,0.043434238014487224
1.364,0.05012219609680334
1.365,-0.1753155081734119
1.366,-0.20605626254288895
1.367,0.047528359132216404
1.368,0.11911250480236066
1.369,0.06294925184806882
1.37,0.08551807089500886
1.371,-0.02493873070802521
1.372,0.03616473400241365
1.373,-0.08097181166283177
1.374,-0.15663442011024284
1.375,0.03852219831763297
1.3760000000000001,0.162028321664401
1.377,0.14166611535549195
1.3780000000000001,0.02013262199147976
1.379,-0.06185268327837878
1.3800000000000001,-0.05440429761938331
1.381,-0.08763957040788348
1.3820000000000001,-0.1731153354892505
1.383,-0.14285919585730245
1.3840000000000001,0.05550881195831225
1.385,0.18623933036586252
1.3860000000000001,0.08852339223307387
1.387,0.024429081673267794
1.3880000000000001,0.023012502047091037
1.389,-0.05107544585147905
1.3900000000000001,-0.23022312254578003
1.391,-0.06409138889143963
1.3920000000000001,-0.03937157149692627
1.393,0.08898093816206347
1.3940000000000001,0.12980822929030925
1.395,-0.003449132598697821
1.3960000000000001,-0.05158495889374418
1.397,-0.024450071781005178
1.3980000000000001,-0.07995633894752191
1.399,-0.21413088122126145
1.4000000000000001,0.030239163734465287
1.401,0.198078788183005
1.4020000000000001,0.1344988765205794
1.403,0.0801927499232332
1.4040000000000001,-0.08513635015224112
1.405,0.004133725045098662
1.4060000000000001,0.0002254289044909541
1.407,-0.11748924669049574
1.408,-0.1106911001154975
1.409,0.14817056890144556
1.41,0.19310946520549319
1.411,0.03862045571295415
1.412,-0.01329497529472529
1.413,-0.060652134363822864
1.414,-0.04563644260259919
1.415,-0.043177171096089983
1.416,-0.11402668795038025
1.417,0.06454689650274714
1.418,0.23837668233820658
1.419,-0.009162125840382673
1.42,0.021597462633206367
1.421,0.010463056788586217
1.422,-0.06361275565188339
1.423,-0.10361619355240949
1.424,-0.11721397622666073
1.425,0.003169562004768273
1.426,0.15205364779084168
1.427,0.15293800637418795
1.428,0.02790683085171522
1.429,-0.04362539312739129
1.43,0.04751436848521406
1.431,0.03614370987453719
1.432,-0.18460160653043253
1.433,-0.04831373926381791
1.434,0.11275721712162695
1.435,0.13770743292978543
1.436,0.0344659730820009
1.437,0.003701868139725891
1.438,0.02231016379453072
1.439,-0.0046619107633472864
1.44,-0.15221210858601916
1.441,-0.11729997021424918
1.442,0.17486076368410125
1.443,0.1583094429623106
1.444,0.006694492744311838
1.445,0.012054602435794044
1.446,-0.0460585129512537
1.447,-0.03238731256792466
1.448,-0.10205905861992438
1.449,-0.13889464374263522
1.45,-0.02395612283476965
1.451,0.20451042995242685
1.452,0.16512064647227231
1.453,-0.02301488800161165
1.454,0.06545849151876654
1.455,0.006191282511683216
1.456,-0.1611449678211147
1.457,-0.12402549106922617
1.458,-0.057742878327521494
1.459,0.1905318693481936
1.46,0.04751370290651813
1.461,0.02869393031491
1.462,-0.04100066329112371
1.463,-0.006144194198130139
1.464,-0.027009867490857282
1.465,-0.15737065426471936
1.466,-0.16025539160671404
1.467,0.0689030523401931
1.468,0.1990846442171214
1.469,0.14193857157144607
1.47,0.07486832110689734
1.471,-0.046158302775794996
1.472,-0.11030215531774752
1.473,-0.12106190130501569
1.474,-0.13359421490583556
1.475,0.004566185622934422
1.476,0.22269655024508234
1.477,0.13183410025428838
1.478,-0.047459473479783514
1.479,-0.06621624848041531
1.48,0.09907992477904176
1.481,-0.08918629164785047
1.482,-0.1880146311684651
1.483,-0.106677924058835
1.484,0.21293564769372003
1.485,0.16629841299686152
1.486,-0.006393308980675062
1.487,0.0007610055025708828
1.488,0.0014821262187138876
1.489,-0.02192298628385852
1.49,-0.16537396256691253
1.491,-0.1256910872363044
1.492,0.09384026065599493
1.493,0.20850680840513192
1.494,0.0383564784877692
1.495,-0.01747475458721244
1.496,-0.018923864605117316
1.497,-0.0019617334996606
1.498,-0.048580240920420695
1.499,-0.09479776883438343
1.5,-0.03716751263759521
1.5010000000000001,0.16049199500208328
1.502,0.051401191217862297
1.5030000000000001,-0.05499964925308756
1.504,0.05092588018200827
1.5050000000000001,0.004985070919951411
1.506,-0.07846572820926058
1.5070000000000001,-0.17607008405498512
1.508,-0.07889491614410846
1.5090000000000001,0.023458444760678626
1.51,0.11950340953985641
1.5110000000000001,0.011005749620206163
1.512,-0.019839957831624587
1.5130000000000001,-0.023277502456097214
1.514,-0.0043351092840773695
1.5150000000000001,-0.16940954493467303
1.516,-0.09727688910623512
1.5170000000000001,0.15063187275857426
1.518,0.09822090824316912
1.5190000000000001,0.07432287276680481
1.52,-0.045577250137582626
1.5210000000000001,0.10562106858260858
1.522,-0.029504197852965215
1.5230000000000001,-0.07540268899293479
1.524,-0.14882292683390885
1.5250000000000001,-0.07459428959092673
1.526,0.1121470721897906
1.5270000000000001,0.17924235997576787
1.528,-0.08307080184563725
1.5290000000000001,-0.13188039390748435
1.53,-0.02194884818020732
1.5310000000000001,-0.11486671993712724
1.532,-0.13658850003631287
1.5330000000000001,-0.04711814761133286
1.534,0.14989591540674663
1.5350000000000001,0.2144550630577527
1.536,0.06432187729545136
1.537,-0.03846137280323747
1.538,-0.08873594423181033
1.539,-0.04854018458766507
1.54,-0.08259537080440882
1.541,-0.10120606946511927
1.542,0.05754796181869001
1.543,0.13798883798906053
1.544,0.10038329732460911
1.545,-0.021898571938208634
1.546,0.07164766976848827
1.547,0.0710998181491754
1.548,-0.06546056795000568
1.549,-0.11120526172516026
1.55,-0.05653462935454256
1.551,0.18369631432121364
1.552,0.06358485529008667
1.553,-0.07555352041626395
1.554,0.03648883117026336
1.555,0.0020924885498642826
1.556,-0.11887684733861652
1.557,-0.10592642554907564
1.558,-0.08819718131216046
1.559,0.0713654928660184
1.56,0.15713024153848987
1.561,0.035873188804631535
1.562,-0.009508820611091746
1.563,0.10580830165870109
1.564,0.008897100140879667
1.565,-0.11852205975714455
1.566,-0.06420258079848552
1.567,0.00929828776971059
1.568,0.10651109974760338
1.569,0.12117009570084601
1.57,0.013014763256846477
1.571,-0.04893646443645047
1.572,-0.09228028335732935
1.573,-0.1291357736316911
1.574,-0.16041595754788507
1.575,-0.02574334339996801
1.576,0.19216325226211262
1.577,0.1878013579763252
1.578,-0.051906022728113656
1.579,-0.014679228813462866
1.58,-0.02871155429083278
1.581,-0.09154079630969116
1.582,-0.09942284191680131
1.583,-0.04673306082537511
1.584,0.12538590640559782
1.585,0.09140051450873948
1.586,0.055038644188028105
1.587,-0.12082974323102771
1.588,-0.06094756682111834
1.589,-0.0005549192449732614
1.59,-0.19027035081330226
1.591,-0.11053010170407035
1.592,0.08214698901883519
1.593,0.16309760401121284
1.594,0.11024982778284133
1.595,0.020858673103318584
1.596,-0.06173449031388976
1.597,0.05677793868506966
1.598,-0.16003569841511944
1.599,-0.10015382425536964
1.6,-0.04713323001808135
1.601,0.13062119411282277
1.602,0.06506136724651701
1.603,-0.07977225008058762
1.604,-0.0694098239788593
1.605,0.05588540290728868
1.606,-0.05248762280053075
1.607,-0.23289636613578607
1.608,-0.05989836270509634
1.609,0.09783549983563253
1.61,0.03457691878867679
1.611,-0.016893625704086646
1.612,-0.015950105121091834
1.613,-0.048264493252572115
1.614,0.0343082977094971
1.615,-0.10589957691037924
1.616,-0.12128166020300213
1.617,0.0522508320036554
1.618,0.1588368166733604
1.619,0.12116130940315563
1.62,0.006637038678645915
1.621,0.0503569475564312
1.622,-0.022122536135625353
1.623,-0.08904656009654704
1.624,-0.13610021302034433
1.625,0.011409785954531473
1.6260000000000001,0.1198672656020174
1.627,-0.01111598017591632
1.6280000000000001,0.10129517583016202
1.629,-0.11751658223036594
1.6300000000000001,-0.05182690240268736
1.631,-0.03748346581586585
1.6320000000000001,-0.14402920095040594
1.633,-0.05797520033399225
1.6340000000000001,0.15774684391914284
1.635,0.08828799301490392
1.6360000000000001,0.007596889830049358
1.637,0.06747416545990226
1.6380000000000001,0.06983420946213764
1.639,0.10807023300064675
1.6400000000000001,-0.0680062323818071
1.641,-0.09178584764616546
1.6420000000000001,0.03289318746318178
1.643,0.08919952355935606
1.6440000000000001,0.10310401940722405
1.645,-0.014518833852330085
1.6460000000000001,0.0030195071797832363
1.647,0.05208207776768649
1.6480000000000001,-0.11442961201354764
1.649,-0.08208239339485479
1.6500000000000001,-0.0011978541856865342
1.651,0.2571971129735947
1.6520000000000001,0.20605435784468878
1.653,-0.021614428212463073
1.6540000000000001,-0.10790203693954989
1.655,-0.0038042552843339586
1.6560000000000001,-0.08576330803538379
1.657,-0.18936512406026274
1.6580000000000001,-0.04667033876695799
1.659,0.11585549828939322
1.6600000000000001,0.08066782252387766
1.661,0.03803467901648472
1.6620000000000001,-0.03016142226283207
1.663,-0.0008507331524725999
1.6640000000000001,-0.03813959218943012
1.665,-0.196402608593451
1.666,-0.11918427306743823
1.667,0.1529312761810591
1.668,0.14339933637058241
1.669,0.06204792609610266
1.67,0.05522197914015507
1.671,0.04093706189550441
1.672,-0.014528831764643004
1.673,-0.16446546626053174
1.674,-0.2191495590609852
1.675,-0.07899136988942758
1.676,0.15439607848014317
1.677,0.09815084112420311
1.678,0.05053164784290329
1.679,0.02976354330245042
1.68,0.13055350513729286
1.681,0.04822875729604373
1.682,-0.22043854629069642
1.683,-0.018476973227176632
1.684,0.1742832758823889
1.685,0.06807973059118375
1.686,0.008936578977307954
1.687,-0.11048194414108639
1.688,0.047312569015907656
1.689,0.0036327512994636935
1.69,-0.17355313611760556
1.691,-0.16120076552264717
1.692,0.030806115595489215
1.693,0.2319999065644266
1.694,0.17137501776422615
1.695,-0.05277822604618729
1.696,-0.004998340267407225
1.697,0.0055467481422155065
1.698,-0.031295826339407126
1.699,-0.1988076226621576
1.7,-0.007536750085337112
1.701,0.15788949716267653
1.702,0.0886957628904729
1.703,-0.022480657004933385
1.704,-0.02221666616835595
1.705,0.04558175751194729
1.706,-0.03238520057985053
1.707,-0.11238320000717986
1.708,-0.07707425296011641
1.709,0.13289829135376166
1.71,0.18346514824311258
1.711,0.02521416683411058
1.712,0.026669604223976497
1.713,0.06724295689254509
1.714,-0.08879189206400631
1.715,-0.08081363234388975
1.716,-0.10362241315149592
1.717,0.07466706976374576
1.718,0.17913274015562766
1.719,0.09988382437268352
1.72,-0.06039710986013635
1.721,-0.024109015569868178
1.722,0.028613657565161696
1.723,-0.12818355978347654
1.724,-0.12132743475164567
1.725,0.04216345636300508
1.726,0.17689197018970926
1.727,0.035273721735002136
1.728,-0.013472965736135843
1.729,0.004421391696550963
1.73,0.02947883195082672
1.731,-0.15665830875728132
1.732,-0.10359244558975353
1.733,-0.04812644397418458
1.734,0.1895437310943327
1.735,0.11240241992267043
1.736,0.09934960516114741
1.737,0.020905229028267656
1.738,0.012723386735625583
1.739,-0.013914675894101199
1.74,-0.14256151691538724
1.741,-0.10069097943112802
1.742,0.027094942797876997
1.743,0.1451602071204277
1.744,0.03327600967045436
1.745,0.060760149309801684
1.746,0.06603422398119937
1.747,-0.0005501690207947098
1.748,-0.1459104992719224
1.749,-0.1388336723316999
1.75,-0.018567889253524338
1.7510000000000001,0.16611887206064402
1.752,0.16031537786031702
1.7530000000000001,0.035985695993888005
1.754,-0.08538970598563486
1.7550000000000001,0.027710056237357582
1.756,-0.029157700021262806
1.7570000000000001,-0.2592284592203459
1.758,-0.030337586571669746
1.7590000000000001,0.12500986192415509
1.76,0.162562978127949
1.7610000000000001,0.022878125650181325
1.762,-0.04498938145038902
1.7630000000000001,0.08186753936511112
1.764,-0.017042983057032238
1.7650000000000001,-0.20112035306938275
1.766,-0.14254655110980252
1.7670000000000001,0.022609280126126736
1.768,0.21388533988757416
1.7690000000000001,0.0583393900273278
1.77,0.10889858937251595
1.7710000000000001,0.0014975056368794828
1.772,-0.0351726170992734
1.7730000000000001,-0.1210469781811451
1.774,-0.08197789216619115
1.7750000000000001,-0.030296455220760566
1.776,0.07829659153416658
1.7770000000000001,0.13054685785800352
1.778,0.07203093728493615
1.7790000000000001,-0.013668015779309352
1.78,0.006223454405493356
1.7810000000000001,-0.1345090298828734
1.782,-0.20363698029275773
1.7830000000000001,0.05813129049792147
1.784,0.05000316284000772
1.7850000000000001,0.1953146701253034
1.786,0.1468433231713756
1.7870000000000001,0.003929505022059396
1.788,-0.01769747657676763
1.7890000000000001,0.027273273744367735
1.79,-0.1787655983628642
1.7910000000000001,-0.0640705206068663
1.792,0.1153740910461534
1.793,0.15657759168898477
1.794,0.08875474757399568
1.795,0.01264135707040762
1.796,0.0742254306825289
1.797,-0.014028689122443101
1.798,-0.15204203394030993
1.799,-0.1366533087350264
1.8,-0.007737466068573979
1.801,0.05551909909666129
1.802,0.03232994502292148
1.803,0.0110366440254758
1.804,-0.03615273611349877
1.805,-0.017438713314087625
1.806,-0.1283628528842044
1.807,-0.1677366729487077
1.808,0.029587901711555467
1.809,0.049937238503839035
1.81,0.16028404652406839
1.811,-0.04561160325660935
1.812,-0.08671753339521127
1.813,-0.024918133314264984
1.814,-0.07986865231475998
1.815,-0.21770023711079517
1.816,-0.050906025000203706
1.817,0.13505796183376098
1.818,0.18182707308180426
1.819,0.0804533160137004
1.82,-0.0077671172502935815
1.821,0.029022807315181268
1.822,0.10507005938930641
1.823,-0.23576901641207787
1.824,-0.1289647821493012
1.825,0.06114058890019759
1.826,0.23816105237744195
1.827,0.18973158409610574
1.828,0.013308843515660421
1.829,0.05945289845249321
1.83,-0.04847616644714012
1.831,-0.03157846788365474
1.832,-0.21224055161986408
1.833,-0.024542857690995346
1.834,0.15999137959237653
1.835,0.10963457754820206
1.836,-0.026244836531156293
1.837,0.01630135841642654
1.838,-0.003778999141437256
1.839,-0.08366718063765669
1.84,-0.1404825155668883
1.841,-0.1711825534599925
1.842,0.013788659935188359
1.843,0.22573931672170483
1.844,0.1355768625559154
1.845,-0.0823951771719642
1.846,-0.0020939979640545708
1.847,-0.0657820517488944
1.848,-0.0994471289880963
1.849,-0.12618789316360451
1.85,-0.141442362978108
1.851,0.13390295905081337
1.852,0.026660786278562235
1.853,0.05730745880476151
1.854,-0.024889253741406926
1.855,-0.004884810922907129
1.856,-0.07396188614132997
1.857,-0.23104841096367892
1.858,-0.11785875118827004
1.859,0.06523671784285381
1.86,0.1258313494966735
1.861,0.0019722843340533626
1.862,-0.0031276987007753474
1.863,-0.04960210226804868
1.864,0.02277590421935196
1.865,-0.2431621817645649
1.866,-0.08543981983659626
1.867,0.1535122438022729
1.868,0.10999554983200263
1.869,0.06329678417559763
1.87,-0.050722089331310005
1.871,-0.039098311796142975
1.872,0.008278160618870812
1.873,-0.1133599839417798
1.874,-0.19463899964663012
1.875,0.07801093221637967
1.8760000000000001,0.1926056727877307
1.877,0.13364373150586378
1.8780000000000001,0.022422709187424086
1.879,0.10906831672905958
1.8800000000000001,-0.02695947921628704
1.881,-0.024929378872364155
1.8820000000000001,-0.10972150253439661
1.883,-0.046654216616163105
1.8840000000000001,0.1966860669789547
1.885,0.11609373489108504
1.8860000000000001,0.08182554391517924
1.887,-0.14461422212503366
1.8880000000000001,0.03829617753639658
1.889,-0.02543658629190387
1.8900000000000001,-0.09320380081695721
1.891,-0.18326598895985893
1.8920000000000001,0.009568639774421253
1.893,0.1714532760559052
1.8940000000000001,0.11261123567288363
1.895,0.04057778281073999
1.8960000000000001,0.024009942149486763
1.897,0.10311865406433282
1.8980000000000001,-0.12001039789180606
1.899,-0.19904820624829664
1.9000000000000001,-0.0760206760212042
1.901,0.09626864295680468
1.9020000000000001,0.08691023941190035
1.903,-0.052949779769676374
1.9040000000000001,-0.00887350803079252
1.905,0.09155147039517711
1.9060000000000001,-0.03532256151601443
1.907,-0.1663426477673163
1.9080000000000001,-0.1301780110399805
1.909,0.0692295158257414
1.9100000000000001,0.10561010493632267
1.911,-0.020975524688334683
1.9120000000000001,0.0559284514695872
1.913,0.014214549214860815
1.9140000000000001,0.01274961212981196
1.915,-0.06290450765786866
1.9160000000000001,-0.12786364596628108
1.917,0.09378220247421594
1.9180000000000001,0.19460311113619294
1.919,0.051838766353137895
1.92,0.01302607616759648
1.921,-0.03130488980311413
1.922,0.034768984504814894
1.923,-0.048617222868559004
1.924,-0.21785592823366023
1.925,-0.062136720205218494
1.926,0.09950838834532127
1.927,0.11111081804609145
1.928,0.03943116713095181
1.929,0.05556706202944002
1.93,0.004375389264130645
1.931,-0.16457961741313215
1.932,-0.13423669904591248
1.933,-0.044984626914992054
1.934,0.14801833488283636
1.935,0.17924708220565355
1.936,0.04425186428066238
1.937,-0.09034167381602659
1.938,0.013257832567316979
1.939,-0.08666479379024206
1.94,-0.15717623421051896
1.941,-0.11038622920509934
1.942,-0.06465732252561814
1.943,0.20797288580556603
1.944,0.01301542119700222
1.945,0.0061508213347926145
1.946,0.07559749848385752
1.947,0.023178221954864048
1.948,0.01154571249652693
1.949,-0.09137568810354743
1.95,-0.02554837025891209
1.951,0.1544586728560935
1.952,0.10539628889195296
1.953,0.025747847120708614
1.954,-0.0573119652250921
1.955,0.02773328040467732
1.956,0.02502873534888983
1.957,-0.16906591193719875
1.958,0.004488924885319351
1.959,0.09634376746468554
1.96,0.15337503568875022
1.961,0.012744331918275068
1.962,0.010271953664500129
1.963,-0.055975616290041885
1.964,-0.023218973041328694
1.965,-0.20453649533948617
1.966,-0.16287147329613239
1.967,0.07451165818360612
1.968,0.17058688141539396
1.969,0.14220230459393368
1.97,-0.12135698578277301
1.971,-0.06901028675219441
1.972,-0.134136877623186
1.973,-0.07283626125420896
1.974,-0.1638727896047648
1.975,-0.06475060228321718
1.976,0.11966155861968482
1.977,0.16741867354729956
1.978,-0.022601273935166758
1.979,-0.009284021019130798
1.98,0.03837703240050409
1.981,-0.05201012042938673
1.982,-0.11365869853664651
1.983,-0.15425919830295648
1.984,0.12960655641662758
1.985,0.14078489988510617
1.986,0.08658433642711456
1.987,0.0029509750322516265
1.988,0.04032679434480539
1.989,-0.008160659966944525
1.99,-0.13281320929108278
1.991,-0.09265241860991164
1.992,0.013908045256406598
1.993,0.19153491083800353
1.994,0.08555395899936827
1.995,-0.038027331041540255
1.996,0.09629501389269454
1.997,-0.0316539216324382
1.998,-0.2401198331302834
1.999,-0.11111661766795868
